Q: What is Amazon Neptune?,
Q: What popular graph query languages does Amazon Neptune support?,
Q: Can I use Apache TinkerPop Gremlin and RDF/SPARQL on the same Neptune instance?<br/> ,
Q: How can I migrate from an existing Apache TinkerPop Gremlin application to Amazon Neptune?,
Q: Do I need to change client drivers to use Amazon Neptune’s Gremlin Server?,
Q: How can I migrate from a triple store with a SPARQL endpoint to Amazon Neptune?,
Q: Do I need to change client drivers to use Amazon Neptune’s SPARQL Endpoint?,
"Q: Is Neptune ACID (Atomicity, Consistency, Isolation, Durability) compliant?",
Q: Why are Amazon RDS permissions and resources required to use Amazon Neptune?<br/> ,
Q: Do I need to create indices on my data with Amazon Neptune?,
Q: What types of graph query workloads are optimized to work with Amazon Neptune?,
Q: Does Amazon Neptune perform query optimization?,
Q: Is Amazon Neptune built on a relational database?,
Q: How much does Amazon Neptune cost?,
Q: What are IOs in Amazon Neptune and how are they calculated?,
Q: What are the minimum and maximum storage limits of an Amazon Neptune database?,
Q: How do I scale the compute resources associated with my Amazon Neptune DB Instance?,
Q: How do I enable backups for my DB Instance?,
Q: Can I take DB Snapshots and keep them around as long as I want?,
"Q: If my database fails, what is my recovery path?",
Q: What happens to my automated backups and DB Snapshots if I delete my DB Instance?,
Q: Can I share my snapshots with another AWS account?,
Q: Will I be billed for shared snapshots?,
Q: Can I automatically share snapshots?,
Q: How many accounts can I share snapshots with?,
Q: In which regions can I share my Amazon Neptune snapshots?,
Q: Can I share an encrypted Amazon Neptune snapshot?,
Q: Can I use Amazon Neptune snapshots outside of the service?,
Q: How does Amazon Neptune improve my database’s fault tolerance to disk failures?,
Q: How does Amazon Neptune improve recovery time after a database crash?,
Q: What kind of replicas does Neptune support?,
Q: Can I have cross-region replicas with Amazon Neptune?,
Q: Can I prioritize certain replicas as failover targets over others?,
Q: Can I modify priority tiers for instances after they have been created?,
Q: Can I prevent certain replicas from being promoted to the primary instance?,
Q: How can I improve upon the availability of a single Amazon Neptune database?,
Q: What happens during failover and how long does it take?,
"Q: If I have a primary database and an Amazon Neptune Replica actively taking read traffic and a failover occurs, what happens?",
Q: How far behind the primary will my replicas be?,
Q: Can I use Amazon Neptune in Amazon Virtual Private Cloud (Amazon VPC)?,
Q: Does Amazon Neptune support encrypting my data at rest?,
Q: Can I encrypt an existing unencrypted database?,
Q: How do I access my Amazon Neptune database?,
