Q: What is Amazon Aurora?<br/> ,
"Q: What does ""MySQL compatible"" mean?",
Q: What does “PostgreSQL compatible” mean?,
Q: How do I try Amazon Aurora?,
Q: How much does Amazon Aurora cost?,
Q: How can I migrate from MySQL to Amazon Aurora and vice versa?,
Q: How can I migrate from PostgreSQL to Amazon Aurora and vice versa?,
Q: Does Amazon Aurora participate in the AWS Free Tier?,
Q: What are IOs in Amazon Aurora and how are they calculated?,
Q: Do I need to change client drivers to use Amazon Aurora PostgreSQL?,
"Q: What does ""five times the performance of MySQL"" mean?",
"Q: What does ""three times the performance of PostgreSQL"" mean?",
Q: How do I optimize my database workload for Amazon Aurora MySQL?,
Q: How do I optimize my database workload for Amazon Aurora PostgreSQL?,
Q: What are the minimum and maximum storage limits of an Amazon Aurora database?,
Q: How do I scale the compute resources associated with my Amazon Aurora DB Instance?,
Q: How do I enable backups for my DB Instance?,
Q: Can I take DB Snapshots and keep them around as long as I want?,
"Q: If my database fails, what is my recovery path?",
Q: What happens to my automated backups and DB Snapshots if I delete my DB Instance?,
Q: Can I share my snapshots with another AWS account?,
Q: Will I be billed for shared snapshots?,
Q: Can I automatically share snapshots?,
Q: How many accounts can I share snapshots with?,
Q: In which regions can I share my Aurora snapshots?,
Q: Can I share an encrypted Aurora snapshot?,
Q: How does Amazon Aurora improve my database’s fault tolerance to disk failures?,
Q: How does Aurora improve recovery time after a database crash?,
Q: What kind of replicas does Aurora support?,
Q: Can I prioritize certain replicas as failover targets over others?,
Q: Can I modify priority tiers for instances after they have been created?,
Q: Can I prevent certain replicas from being promoted to the primary instance?,
Q: How can I improve upon the availability of a single Amazon Aurora database?,
Q: What happens during failover and how long does it take?,
"Q: If I have a primary database and an Amazon Aurora Replica actively taking read traffic and a failover occurs, what happens?",
Q: How far behind the primary will my replicas be?,
Q: What is Amazon Aurora Global Database?,
Q: How do I create an Aurora Global Database?,
"Q: If I use Aurora Global Database, can I also use logical replication (binlog) on the primary database?",
Q: Will Aurora automatically fail over to a secondary region of an Aurora Global Database?,
Q: What is Amazon Aurora Multi-Master?,
Q: How can I get started with Amazon Aurora Multi-Master?,
Q: Can I use Amazon Aurora in Amazon Virtual Private Cloud (Amazon VPC)?,
Q: Does Amazon Aurora encrypt my data in transit and at rest?,
Q: Can I encrypt an existing unencrypted database?,
Q: How do I access my Amazon Aurora database?,
Q: Can I use Amazon Aurora with applications that require HIPAA compliance?,
Q: What is Amazon Aurora Serverless?,
Q: Which versions of Amazon Aurora are supported for Aurora Serverless?,
Q: Can I migrate an existing Aurora DB cluster to Aurora Serverless?,
Q: How do I connect to an Aurora Serverless DB cluster?,
Q: Can I explicitly set the capacity of an Aurora Serverless cluster?,
Q: Why isn't my Aurora Serverless DB Cluster automatically scaling?,
Q: How am I billed for Aurora Serverless?,
Q: What is Amazon Aurora Parallel Query?,
Q: What's the target use case?,
Q: What benefits does Parallel Query provide?,
Q: What specific queries improve under Parallel Query?,
Q: What performance improvement can I expect?,
Q: Is there any chance that performance will be slower?,
Q: What changes do I need to make to my query to take advantage of Parallel Query?,
Q: How do I turn the feature on or off?,
Q: Are there any additional charges associated with using Parallel Query?,
"Q: Since Parallel Query reduces IO, will turning it on reduce my Aurora IO charges?",
Q: What versions of Amazon Aurora support Parallel Query?,
Q: Is Parallel Query available with all instance types?,
Q: Is Parallel Query compatible with all other Aurora features?,
"Q: If Parallel Query speeds up queries with only rare performance losses, should I simply turn it on for all all the time?",
Q: Can Aurora Parallel Query replace my data warehouse?,
