Q: Will AWS Database Migration Service help me convert my Oracle PL/SQL and SQL Server T-SQL code to Amazon Aurora or MySQL and PostgreSQL stored procedures?,
Q: How do I get started with AWS Database Migration Service?,
"Q: In addition to one-time data migration, can I use AWS Database Migration Service for continuous data replication?",
Q: How are AWS Database Migration Service (DMS) and AWS Schema Conversion Tool (SCT) related?,
Q: What sources and targets does AWS Database Migration Service support?,
Q: What sources and targets does AWS Schema Conversion Tool support?,
Q: Why should I use AWS Database Migration Service instead of my own self-managed replication solution?,
Q: Can you summarize the database migration steps using AWS Database Migration Service for me?,
Q: Are these steps different for continuous data replication?,
Q: Can I monitor the progress of a database migration task?,
Q: How do I integrate AWS Database Migration Service with other applications?,
Q: Can I replicate data from encrypted data sources?,
Q: Does AWS Database Migration Service migrate the database schema for me?,
Q: Can I use DMS to perform bi-directional replication?,
Q: How much does DMS cost?,
